file_name,label
3_0000.png,3
3_0001.png,3
8_0002.png,8
9_0003.png,9
4_0004.png,4
3_0005.png,3
9_0006.png,9
6_0007.png,6
6_0008.png,6
5_0009.png,5
3_0010.png,3
8_0011.png,8
9_0012.png,9
0_0013.png,0
6_0014.png,6
1_0015.png,1
0_0016.png,0
2_0017.png,2
4_0018.png,4
4_0019.png,4
3_0020.png,3
9_0021.png,9
1_0022.png,1
2_0023.png,2
8_0024.png,8
6_0025.png,6
3_0026.png,3
5_0027.png,5
7_0028.png,7
0_0029.png,0
1_0030.png,1
5_0031.png,5
7_0032.png,7
3_0033.png,3
9_0034.png,9
8_0035.png,8
5_0036.png,5
6_0037.png,6
1_0038.png,1
3_0039.png,3
0_0040.png,0
4_0041.png,4
3_0042.png,3
5_0043.png,5
9_0044.png,9
7_0045.png,7
9_0046.png,9
8_0047.png,8
6_0048.png,6
4_0049.png,4
1_0050.png,1
5_0051.png,5
0_0052.png,0
0_0053.png,0
1_0054.png,1
7_0055.png,7
9_0056.png,9
6_0057.png,6
2_0058.png,2
6_0059.png,6
9_0060.png,9
3_0061.png,3
4_0062.png,4
5_0063.png,5
5_0064.png,5
1_0065.png,1
4_0066.png,4
2_0067.png,2
2_0068.png,2
2_0069.png,2
2_0070.png,2
4_0071.png,4
2_0072.png,2
3_0073.png,3
0_0074.png,0
5_0075.png,5
9_0076.png,9
7_0077.png,7
7_0078.png,7
0_0079.png,0
9_0080.png,9
3_0081.png,3
9_0082.png,9
8_0083.png,8
1_0084.png,1
2_0085.png,2
6_0086.png,6
2_0087.png,2
8_0088.png,8
3_0089.png,3
6_0090.png,6
0_0091.png,0
8_0092.png,8
6_0093.png,6
0_0094.png,0
6_0095.png,6
3_0096.png,3
9_0097.png,9
2_0098.png,2
8_0099.png,8
2_0100.png,2
3_0101.png,3
8_0102.png,8
1_0103.png,1
1_0104.png,1
6_0105.png,6
8_0106.png,8
2_0107.png,2
7_0108.png,7
3_0109.png,3
4_0110.png,4
9_0111.png,9
0_0112.png,0
7_0113.png,7
2_0114.png,2
6_0115.png,6
7_0116.png,7
6_0117.png,6
1_0118.png,1
5_0119.png,5
0_0120.png,0
7_0121.png,7
8_0122.png,8
5_0123.png,5
7_0124.png,7
6_0125.png,6
5_0126.png,5
1_0127.png,1
7_0128.png,7
0_0129.png,0
5_0130.png,5
3_0131.png,3
8_0132.png,8
1_0133.png,1
7_0134.png,7
4_0135.png,4
9_0136.png,9
7_0137.png,7
2_0138.png,2
5_0139.png,5
3_0140.png,3
8_0141.png,8
1_0142.png,1
4_0143.png,4
3_0144.png,3
0_0145.png,0
2_0146.png,2
5_0147.png,5
5_0148.png,5
4_0149.png,4
9_0150.png,9
8_0151.png,8
3_0152.png,3
9_0153.png,9
9_0154.png,9
3_0155.png,3
8_0156.png,8
1_0157.png,1
8_0158.png,8
1_0159.png,1
9_0160.png,9
8_0161.png,8
0_0162.png,0
5_0163.png,5
8_0164.png,8
4_0165.png,4
9_0166.png,9
5_0167.png,5
3_0168.png,3
5_0169.png,5
2_0170.png,2
1_0171.png,1
2_0172.png,2
2_0173.png,2
7_0174.png,7
0_0175.png,0
3_0176.png,3
8_0177.png,8
9_0178.png,9
8_0179.png,8
8_0180.png,8
3_0181.png,3
4_0182.png,4
9_0183.png,9
3_0184.png,3
8_0185.png,8
3_0186.png,3
9_0187.png,9
4_0188.png,4
4_0189.png,4
6_0190.png,6
6_0191.png,6
5_0192.png,5
6_0193.png,6
9_0194.png,9
2_0195.png,2
1_0196.png,1
5_0197.png,5
0_0198.png,0
7_0199.png,7
1_0200.png,1
1_0201.png,1
8_0202.png,8
0_0203.png,0
1_0204.png,1
1_0205.png,1
3_0206.png,3
8_0207.png,8
1_0208.png,1
4_0209.png,4
2_0210.png,2
8_0211.png,8
7_0212.png,7
4_0213.png,4
3_0214.png,3
4_0215.png,4
6_0216.png,6
6_0217.png,6
8_0218.png,8
6_0219.png,6
9_0220.png,9
1_0221.png,1
7_0222.png,7
8_0223.png,8
9_0224.png,9
0_0225.png,0
9_0226.png,9
5_0227.png,5
8_0228.png,8
0_0229.png,0
0_0230.png,0
7_0231.png,7
1_0232.png,1
3_0233.png,3
7_0234.png,7
5_0235.png,5
2_0236.png,2
6_0237.png,6
9_0238.png,9
6_0239.png,6
5_0240.png,5
0_0241.png,0
1_0242.png,1
2_0243.png,2
3_0244.png,3
8_0245.png,8
1_0246.png,1
3_0247.png,3
7_0248.png,7
2_0249.png,2
9_0250.png,9
7_0251.png,7
7_0252.png,7
1_0253.png,1
3_0254.png,3
2_0255.png,2
5_0256.png,5
4_0257.png,4
6_0258.png,6
6_0259.png,6
4_0260.png,4
7_0261.png,7
2_0262.png,2
1_0263.png,1
7_0264.png,7
8_0265.png,8
3_0266.png,3
2_0267.png,2
8_0268.png,8
5_0269.png,5
3_0270.png,3
2_0271.png,2
6_0272.png,6
4_0273.png,4
2_0274.png,2
9_0275.png,9
4_0276.png,4
9_0277.png,9
0_0278.png,0
9_0279.png,9
6_0280.png,6
2_0281.png,2
7_0282.png,7
3_0283.png,3
4_0284.png,4
0_0285.png,0
2_0286.png,2
9_0287.png,9
3_0288.png,3
3_0289.png,3
5_0290.png,5
6_0291.png,6
4_0292.png,4
5_0293.png,5
2_0294.png,2
1_0295.png,1
7_0296.png,7
0_0297.png,0
9_0298.png,9
1_0299.png,1
6_0300.png,6
8_0301.png,8
1_0302.png,1
4_0303.png,4
9_0304.png,9
5_0305.png,5
4_0306.png,4
4_0307.png,4
6_0308.png,6
1_0309.png,1
0_0310.png,0
0_0311.png,0
1_0312.png,1
7_0313.png,7
7_0314.png,7
1_0315.png,1
0_0316.png,0
9_0317.png,9
7_0318.png,7
6_0319.png,6
3_0320.png,3
0_0321.png,0
4_0322.png,4
8_0323.png,8
7_0324.png,7
6_0325.png,6
3_0326.png,3
0_0327.png,0
1_0328.png,1
5_0329.png,5
6_0330.png,6
2_0331.png,2
5_0332.png,5
5_0333.png,5
4_0334.png,4
1_0335.png,1
0_0336.png,0
4_0337.png,4
3_0338.png,3
9_0339.png,9
8_0340.png,8
3_0341.png,3
5_0342.png,5
8_0343.png,8
9_0344.png,9
6_0345.png,6
0_0346.png,0
6_0347.png,6
6_0348.png,6
5_0349.png,5
9_0350.png,9
8_0351.png,8
2_0352.png,2
4_0353.png,4
6_0354.png,6
7_0355.png,7
9_0356.png,9
1_0357.png,1
5_0358.png,5
5_0359.png,5
4_0360.png,4
8_0361.png,8
9_0362.png,9
7_0363.png,7
3_0364.png,3
9_0365.png,9
1_0366.png,1
8_0367.png,8
3_0368.png,3
1_0369.png,1
2_0370.png,2
1_0371.png,1
5_0372.png,5
8_0373.png,8
0_0374.png,0
8_0375.png,8
4_0376.png,4
1_0377.png,1
0_0378.png,0
8_0379.png,8
3_0380.png,3
1_0381.png,1
5_0382.png,5
2_0383.png,2
2_0384.png,2
8_0385.png,8
9_0386.png,9
3_0387.png,3
8_0388.png,8
3_0389.png,3
4_0390.png,4
8_0391.png,8
5_0392.png,5
5_0393.png,5
1_0394.png,1
5_0395.png,5
5_0396.png,5
8_0397.png,8
5_0398.png,5
2_0399.png,2
9_0400.png,9
1_0401.png,1
7_0402.png,7
7_0403.png,7
3_0404.png,3
7_0405.png,7
5_0406.png,5
7_0407.png,7
5_0408.png,5
9_0409.png,9
1_0410.png,1
3_0411.png,3
3_0412.png,3
1_0413.png,1
4_0414.png,4
8_0415.png,8
5_0416.png,5
0_0417.png,0
3_0418.png,3
7_0419.png,7
9_0420.png,9
6_0421.png,6
3_0422.png,3
9_0423.png,9
0_0424.png,0
2_0425.png,2
1_0426.png,1
0_0427.png,0
7_0428.png,7
5_0429.png,5
4_0430.png,4
5_0431.png,5
3_0432.png,3
8_0433.png,8
8_0434.png,8
4_0435.png,4
8_0436.png,8
3_0437.png,3
4_0438.png,4
2_0439.png,2
4_0440.png,4
5_0441.png,5
3_0442.png,3
6_0443.png,6
4_0444.png,4
6_0445.png,6
5_0446.png,5
3_0447.png,3
3_0448.png,3
0_0449.png,0
7_0450.png,7
4_0451.png,4
5_0452.png,5
6_0453.png,6
2_0454.png,2
6_0455.png,6
9_0456.png,9
6_0457.png,6
4_0458.png,4
3_0459.png,3
7_0460.png,7
3_0461.png,3
8_0462.png,8
0_0463.png,0
1_0464.png,1
0_0465.png,0
8_0466.png,8
8_0467.png,8
7_0468.png,7
6_0469.png,6
4_0470.png,4
0_0471.png,0
6_0472.png,6
8_0473.png,8
8_0474.png,8
6_0475.png,6
4_0476.png,4
2_0477.png,2
2_0478.png,2
2_0479.png,2
5_0480.png,5
6_0481.png,6
3_0482.png,3
7_0483.png,7
8_0484.png,8
9_0485.png,9
0_0486.png,0
0_0487.png,0
5_0488.png,5
3_0489.png,3
2_0490.png,2
3_0491.png,3
5_0492.png,5
1_0493.png,1
6_0494.png,6
5_0495.png,5
1_0496.png,1
7_0497.png,7
5_0498.png,5
1_0499.png,1
1_0500.png,1
3_0501.png,3
3_0502.png,3
9_0503.png,9
8_0504.png,8
4_0505.png,4
7_0506.png,7
8_0507.png,8
5_0508.png,5
9_0509.png,9
3_0510.png,3
5_0511.png,5
7_0512.png,7
3_0513.png,3
1_0514.png,1
3_0515.png,3
1_0516.png,1
6_0517.png,6
6_0518.png,6
5_0519.png,5
0_0520.png,0
3_0521.png,3
9_0522.png,9
5_0523.png,5
6_0524.png,6
5_0525.png,5
7_0526.png,7
3_0527.png,3
2_0528.png,2
0_0529.png,0
2_0530.png,2
6_0531.png,6
5_0532.png,5
4_0533.png,4
6_0534.png,6
7_0535.png,7
0_0536.png,0
7_0537.png,7
4_0538.png,4
7_0539.png,7
5_0540.png,5
3_0541.png,3
9_0542.png,9
7_0543.png,7
9_0544.png,9
7_0545.png,7
1_0546.png,1
8_0547.png,8
2_0548.png,2
1_0549.png,1
6_0550.png,6
2_0551.png,2
7_0552.png,7
9_0553.png,9
3_0554.png,3
4_0555.png,4
4_0556.png,4
0_0557.png,0
8_0558.png,8
0_0559.png,0
6_0560.png,6
7_0561.png,7
9_0562.png,9
7_0563.png,7
1_0564.png,1
7_0565.png,7
4_0566.png,4
2_0567.png,2
8_0568.png,8
4_0569.png,4
5_0570.png,5
7_0571.png,7
0_0572.png,0
9_0573.png,9
9_0574.png,9
6_0575.png,6
5_0576.png,5
0_0577.png,0
7_0578.png,7
4_0579.png,4
9_0580.png,9
9_0581.png,9
0_0582.png,0
8_0583.png,8
7_0584.png,7
1_0585.png,1
3_0586.png,3
6_0587.png,6
2_0588.png,2
6_0589.png,6
5_0590.png,5
6_0591.png,6
1_0592.png,1
8_0593.png,8
7_0594.png,7
0_0595.png,0
3_0596.png,3
6_0597.png,6
5_0598.png,5
9_0599.png,9
0_0600.png,0
1_0601.png,1
1_0602.png,1
2_0603.png,2
3_0604.png,3
1_0605.png,1
9_0606.png,9
2_0607.png,2
5_0608.png,5
9_0609.png,9
5_0610.png,5
5_0611.png,5
3_0612.png,3
5_0613.png,5
1_0614.png,1
5_0615.png,5
2_0616.png,2
3_0617.png,3
7_0618.png,7
4_0619.png,4
1_0620.png,1
1_0621.png,1
6_0622.png,6
3_0623.png,3
3_0624.png,3
9_0625.png,9
5_0626.png,5
8_0627.png,8
2_0628.png,2
6_0629.png,6
3_0630.png,3
0_0631.png,0
2_0632.png,2
3_0633.png,3
7_0634.png,7
7_0635.png,7
4_0636.png,4
9_0637.png,9
6_0638.png,6
7_0639.png,7
7_0640.png,7
8_0641.png,8
4_0642.png,4
2_0643.png,2
2_0644.png,2
3_0645.png,3
1_0646.png,1
4_0647.png,4
7_0648.png,7
7_0649.png,7
6_0650.png,6
1_0651.png,1
2_0652.png,2
1_0653.png,1
4_0654.png,4
0_0655.png,0
7_0656.png,7
0_0657.png,0
8_0658.png,8
1_0659.png,1
3_0660.png,3
3_0661.png,3
3_0662.png,3
6_0663.png,6
7_0664.png,7
0_0665.png,0
7_0666.png,7
9_0667.png,9
8_0668.png,8
4_0669.png,4
1_0670.png,1
0_0671.png,0
6_0672.png,6
5_0673.png,5
0_0674.png,0
6_0675.png,6
6_0676.png,6
6_0677.png,6
5_0678.png,5
0_0679.png,0
0_0680.png,0
5_0681.png,5
2_0682.png,2
2_0683.png,2
7_0684.png,7
0_0685.png,0
4_0686.png,4
3_0687.png,3
2_0688.png,2
2_0689.png,2
7_0690.png,7
8_0691.png,8
9_0692.png,9
2_0693.png,2
5_0694.png,5
8_0695.png,8
3_0696.png,3
7_0697.png,7
7_0698.png,7
8_0699.png,8
4_0700.png,4
5_0701.png,5
1_0702.png,1
8_0703.png,8
6_0704.png,6
6_0705.png,6
5_0706.png,5
1_0707.png,1
0_0708.png,0
5_0709.png,5
0_0710.png,0
6_0711.png,6
3_0712.png,3
5_0713.png,5
2_0714.png,2
2_0715.png,2
5_0716.png,5
1_0717.png,1
2_0718.png,2
5_0719.png,5
2_0720.png,2
5_0721.png,5
9_0722.png,9
1_0723.png,1
6_0724.png,6
3_0725.png,3
1_0726.png,1
7_0727.png,7
9_0728.png,9
9_0729.png,9
0_0730.png,0
3_0731.png,3
3_0732.png,3
4_0733.png,4
8_0734.png,8
0_0735.png,0
9_0736.png,9
6_0737.png,6
1_0738.png,1
7_0739.png,7
3_0740.png,3
7_0741.png,7
7_0742.png,7
9_0743.png,9
6_0744.png,6
8_0745.png,8
1_0746.png,1
0_0747.png,0
0_0748.png,0
6_0749.png,6
1_0750.png,1
7_0751.png,7
6_0752.png,6
6_0753.png,6
6_0754.png,6
7_0755.png,7
7_0756.png,7
1_0757.png,1
0_0758.png,0
5_0759.png,5
4_0760.png,4
9_0761.png,9
4_0762.png,4
1_0763.png,1
7_0764.png,7
0_0765.png,0
1_0766.png,1
2_0767.png,2
4_0768.png,4
6_0769.png,6
7_0770.png,7
0_0771.png,0
4_0772.png,4
8_0773.png,8
2_0774.png,2
4_0775.png,4
5_0776.png,5
6_0777.png,6
9_0778.png,9
3_0779.png,3
8_0780.png,8
6_0781.png,6
0_0782.png,0
7_0783.png,7
3_0784.png,3
1_0785.png,1
7_0786.png,7
8_0787.png,8
0_0788.png,0
7_0789.png,7
7_0790.png,7
0_0791.png,0
1_0792.png,1
4_0793.png,4
4_0794.png,4
2_0795.png,2
1_0796.png,1
3_0797.png,3
2_0798.png,2
9_0799.png,9
0_0800.png,0
0_0801.png,0
9_0802.png,9
9_0803.png,9
8_0804.png,8
8_0805.png,8
8_0806.png,8
7_0807.png,7
2_0808.png,2
9_0809.png,9
4_0810.png,4
1_0811.png,1
4_0812.png,4
6_0813.png,6
0_0814.png,0
8_0815.png,8
0_0816.png,0
7_0817.png,7
2_0818.png,2
3_0819.png,3
3_0820.png,3
4_0821.png,4
6_0822.png,6
1_0823.png,1
6_0824.png,6
6_0825.png,6
7_0826.png,7
1_0827.png,1
4_0828.png,4
3_0829.png,3
1_0830.png,1
9_0831.png,9
7_0832.png,7
6_0833.png,6
0_0834.png,0
8_0835.png,8
7_0836.png,7
1_0837.png,1
8_0838.png,8
0_0839.png,0
8_0840.png,8
3_0841.png,3
2_0842.png,2
2_0843.png,2
6_0844.png,6
7_0845.png,7
6_0846.png,6
3_0847.png,3
0_0848.png,0
1_0849.png,1
7_0850.png,7
7_0851.png,7
7_0852.png,7
9_0853.png,9
7_0854.png,7
3_0855.png,3
2_0856.png,2
8_0857.png,8
9_0858.png,9
0_0859.png,0
2_0860.png,2
7_0861.png,7
8_0862.png,8
6_0863.png,6
8_0864.png,8
7_0865.png,7
3_0866.png,3
0_0867.png,0
9_0868.png,9
8_0869.png,8
0_0870.png,0
0_0871.png,0
0_0872.png,0
6_0873.png,6
5_0874.png,5
9_0875.png,9
4_0876.png,4
1_0877.png,1
6_0878.png,6
5_0879.png,5
1_0880.png,1
8_0881.png,8
7_0882.png,7
8_0883.png,8
4_0884.png,4
5_0885.png,5
0_0886.png,0
4_0887.png,4
0_0888.png,0
9_0889.png,9
6_0890.png,6
7_0891.png,7
4_0892.png,4
2_0893.png,2
7_0894.png,7
1_0895.png,1
2_0896.png,2
9_0897.png,9
9_0898.png,9
9_0899.png,9
0_0900.png,0
3_0901.png,3
6_0902.png,6
0_0903.png,0
0_0904.png,0
8_0905.png,8
1_0906.png,1
1_0907.png,1
5_0908.png,5
1_0909.png,1
2_0910.png,2
1_0911.png,1
0_0912.png,0
1_0913.png,1
1_0914.png,1
0_0915.png,0
4_0916.png,4
7_0917.png,7
2_0918.png,2
6_0919.png,6
7_0920.png,7
4_0921.png,4
5_0922.png,5
1_0923.png,1
3_0924.png,3
1_0925.png,1
9_0926.png,9
9_0927.png,9
9_0928.png,9
3_0929.png,3
0_0930.png,0
6_0931.png,6
4_0932.png,4
6_0933.png,6
0_0934.png,0
8_0935.png,8
5_0936.png,5
9_0937.png,9
6_0938.png,6
1_0939.png,1
1_0940.png,1
3_0941.png,3
7_0942.png,7
8_0943.png,8
2_0944.png,2
1_0945.png,1
6_0946.png,6
9_0947.png,9
1_0948.png,1
8_0949.png,8
9_0950.png,9
0_0951.png,0
2_0952.png,2
1_0953.png,1
4_0954.png,4
4_0955.png,4
0_0956.png,0
2_0957.png,2
3_0958.png,3
8_0959.png,8
2_0960.png,2
0_0961.png,0
1_0962.png,1
6_0963.png,6
4_0964.png,4
8_0965.png,8
1_0966.png,1
4_0967.png,4
3_0968.png,3
1_0969.png,1
3_0970.png,3
8_0971.png,8
3_0972.png,3
3_0973.png,3
8_0974.png,8
6_0975.png,6
2_0976.png,2
8_0977.png,8
8_0978.png,8
3_0979.png,3
5_0980.png,5
5_0981.png,5
9_0982.png,9
3_0983.png,3
2_0984.png,2
6_0985.png,6
1_0986.png,1
3_0987.png,3
0_0988.png,0
4_0989.png,4
6_0990.png,6
5_0991.png,5
0_0992.png,0
9_0993.png,9
3_0994.png,3
7_0995.png,7
0_0996.png,0
7_0997.png,7
0_0998.png,0
7_0999.png,7
2_1000.png,2
7_1001.png,7
9_1002.png,9
5_1003.png,5
5_1004.png,5
3_1005.png,3
2_1006.png,2
8_1007.png,8
1_1008.png,1
9_1009.png,9
6_1010.png,6
7_1011.png,7
1_1012.png,1
4_1013.png,4
9_1014.png,9
1_1015.png,1
6_1016.png,6
6_1017.png,6
6_1018.png,6
7_1019.png,7
5_1020.png,5
8_1021.png,8
4_1022.png,4
8_1023.png,8
2_1024.png,2
3_1025.png,3
6_1026.png,6
5_1027.png,5
0_1028.png,0
1_1029.png,1
8_1030.png,8
0_1031.png,0
2_1032.png,2
8_1033.png,8
2_1034.png,2
6_1035.png,6
3_1036.png,3
9_1037.png,9
9_1038.png,9
9_1039.png,9
9_1040.png,9
7_1041.png,7
9_1042.png,9
9_1043.png,9
5_1044.png,5
5_1045.png,5
9_1046.png,9
5_1047.png,5
3_1048.png,3
7_1049.png,7
5_1050.png,5
9_1051.png,9
0_1052.png,0
4_1053.png,4
1_1054.png,1
2_1055.png,2
2_1056.png,2
5_1057.png,5
4_1058.png,4
6_1059.png,6
4_1060.png,4
8_1061.png,8
8_1062.png,8
5_1063.png,5
5_1064.png,5
1_1065.png,1
7_1066.png,7
6_1067.png,6
4_1068.png,4
8_1069.png,8
9_1070.png,9
6_1071.png,6
0_1072.png,0
1_1073.png,1
1_1074.png,1
9_1075.png,9
1_1076.png,1
7_1077.png,7
4_1078.png,4
7_1079.png,7
9_1080.png,9
2_1081.png,2
2_1082.png,2
1_1083.png,1
4_1084.png,4
4_1085.png,4
3_1086.png,3
2_1087.png,2
3_1088.png,3
7_1089.png,7
3_1090.png,3
6_1091.png,6
1_1092.png,1
8_1093.png,8
7_1094.png,7
9_1095.png,9
8_1096.png,8
9_1097.png,9
7_1098.png,7
1_1099.png,1
6_1100.png,6
1_1101.png,1
4_1102.png,4
2_1103.png,2
4_1104.png,4
0_1105.png,0
7_1106.png,7
4_1107.png,4
5_1108.png,5
2_1109.png,2
4_1110.png,4
5_1111.png,5
6_1112.png,6
1_1113.png,1
4_1114.png,4
4_1115.png,4
5_1116.png,5
6_1117.png,6
1_1118.png,1
0_1119.png,0
6_1120.png,6
9_1121.png,9
9_1122.png,9
6_1123.png,6
3_1124.png,3
4_1125.png,4
1_1126.png,1
6_1127.png,6
7_1128.png,7
7_1129.png,7
6_1130.png,6
6_1131.png,6
9_1132.png,9
6_1133.png,6
6_1134.png,6
8_1135.png,8
7_1136.png,7
4_1137.png,4
9_1138.png,9
9_1139.png,9
4_1140.png,4
7_1141.png,7
1_1142.png,1
6_1143.png,6
8_1144.png,8
7_1145.png,7
8_1146.png,8
3_1147.png,3
7_1148.png,7
8_1149.png,8
1_1150.png,1
8_1151.png,8
4_1152.png,4
9_1153.png,9
3_1154.png,3
4_1155.png,4
8_1156.png,8
6_1157.png,6
9_1158.png,9
5_1159.png,5
1_1160.png,1
0_1161.png,0
7_1162.png,7
9_1163.png,9
7_1164.png,7
9_1165.png,9
5_1166.png,5
4_1167.png,4
3_1168.png,3
9_1169.png,9
9_1170.png,9
0_1171.png,0
2_1172.png,2
9_1173.png,9
1_1174.png,1
2_1175.png,2
8_1176.png,8
2_1177.png,2
3_1178.png,3
6_1179.png,6
1_1180.png,1
2_1181.png,2
3_1182.png,3
3_1183.png,3
1_1184.png,1
2_1185.png,2
7_1186.png,7
0_1187.png,0
6_1188.png,6
2_1189.png,2
1_1190.png,1
1_1191.png,1
6_1192.png,6
5_1193.png,5
4_1194.png,4
8_1195.png,8
7_1196.png,7
3_1197.png,3
6_1198.png,6
5_1199.png,5
4_1200.png,4
8_1201.png,8
4_1202.png,4
8_1203.png,8
6_1204.png,6
4_1205.png,4
7_1206.png,7
7_1207.png,7
3_1208.png,3
1_1209.png,1
2_1210.png,2
2_1211.png,2
6_1212.png,6
2_1213.png,2
4_1214.png,4
1_1215.png,1
6_1216.png,6
1_1217.png,1
1_1218.png,1
2_1219.png,2
5_1220.png,5
7_1221.png,7
0_1222.png,0
2_1223.png,2
5_1224.png,5
7_1225.png,7
0_1226.png,0
4_1227.png,4
1_1228.png,1
9_1229.png,9
0_1230.png,0
9_1231.png,9
8_1232.png,8
8_1233.png,8
3_1234.png,3
4_1235.png,4
1_1236.png,1
4_1237.png,4
4_1238.png,4
9_1239.png,9
4_1240.png,4
3_1241.png,3
7_1242.png,7
3_1243.png,3
3_1244.png,3
0_1245.png,0
2_1246.png,2
9_1247.png,9
6_1248.png,6
8_1249.png,8
2_1250.png,2
1_1251.png,1
8_1252.png,8
7_1253.png,7
7_1254.png,7
2_1255.png,2
6_1256.png,6
7_1257.png,7
6_1258.png,6
0_1259.png,0
6_1260.png,6
0_1261.png,0
0_1262.png,0
1_1263.png,1
9_1264.png,9
6_1265.png,6
5_1266.png,5
9_1267.png,9
0_1268.png,0
5_1269.png,5
1_1270.png,1
3_1271.png,3
1_1272.png,1
8_1273.png,8
3_1274.png,3
0_1275.png,0
7_1276.png,7
4_1277.png,4
9_1278.png,9
8_1279.png,8
3_1280.png,3
0_1281.png,0
9_1282.png,9
8_1283.png,8
0_1284.png,0
3_1285.png,3
1_1286.png,1
2_1287.png,2
4_1288.png,4
3_1289.png,3
5_1290.png,5
6_1291.png,6
8_1292.png,8
9_1293.png,9
1_1294.png,1
2_1295.png,2
8_1296.png,8
9_1297.png,9
0_1298.png,0
4_1299.png,4
3_1300.png,3
0_1301.png,0
6_1302.png,6
8_1303.png,8
0_1304.png,0
7_1305.png,7
3_1306.png,3
4_1307.png,4
1_1308.png,1
3_1309.png,3
2_1310.png,2
5_1311.png,5
2_1312.png,2
6_1313.png,6
1_1314.png,1
9_1315.png,9
0_1316.png,0
9_1317.png,9
3_1318.png,3
7_1319.png,7
3_1320.png,3
4_1321.png,4
9_1322.png,9
0_1323.png,0
6_1324.png,6
3_1325.png,3
0_1326.png,0
1_1327.png,1
4_1328.png,4
1_1329.png,1
2_1330.png,2
8_1331.png,8
4_1332.png,4
3_1333.png,3
0_1334.png,0
6_1335.png,6
8_1336.png,8
5_1337.png,5
5_1338.png,5
5_1339.png,5
6_1340.png,6
0_1341.png,0
1_1342.png,1
1_1343.png,1
4_1344.png,4
5_1345.png,5
4_1346.png,4
3_1347.png,3
0_1348.png,0
8_1349.png,8
7_1350.png,7
1_1351.png,1
5_1352.png,5
7_1353.png,7
9_1354.png,9
6_1355.png,6
8_1356.png,8
5_1357.png,5
4_1358.png,4
4_1359.png,4
9_1360.png,9
6_1361.png,6
5_1362.png,5
9_1363.png,9
9_1364.png,9
6_1365.png,6
4_1366.png,4
8_1367.png,8
3_1368.png,3
0_1369.png,0
4_1370.png,4
8_1371.png,8
2_1372.png,2
3_1373.png,3
7_1374.png,7
1_1375.png,1
9_1376.png,9
4_1377.png,4
2_1378.png,2
3_1379.png,3
0_1380.png,0
7_1381.png,7
5_1382.png,5
5_1383.png,5
9_1384.png,9
8_1385.png,8
1_1386.png,1
1_1387.png,1
9_1388.png,9
5_1389.png,5
0_1390.png,0
3_1391.png,3
0_1392.png,0
1_1393.png,1
8_1394.png,8
3_1395.png,3
2_1396.png,2
8_1397.png,8
1_1398.png,1
2_1399.png,2
9_1400.png,9
0_1401.png,0
0_1402.png,0
1_1403.png,1
9_1404.png,9
2_1405.png,2
9_1406.png,9
6_1407.png,6
9_1408.png,9
1_1409.png,1
2_1410.png,2
6_1411.png,6
8_1412.png,8
8_1413.png,8
8_1414.png,8
4_1415.png,4
4_1416.png,4
2_1417.png,2
3_1418.png,3
9_1419.png,9
3_1420.png,3
6_1421.png,6
8_1422.png,8
2_1423.png,2
8_1424.png,8
0_1425.png,0
5_1426.png,5
0_1427.png,0
1_1428.png,1
2_1429.png,2
7_1430.png,7
1_1431.png,1
3_1432.png,3
6_1433.png,6
9_1434.png,9
0_1435.png,0
1_1436.png,1
1_1437.png,1
9_1438.png,9
0_1439.png,0
7_1440.png,7
2_1441.png,2
2_1442.png,2
7_1443.png,7
9_1444.png,9
6_1445.png,6
7_1446.png,7
6_1447.png,6
5_1448.png,5
3_1449.png,3
3_1450.png,3
1_1451.png,1
9_1452.png,9
5_1453.png,5
4_1454.png,4
1_1455.png,1
0_1456.png,0
5_1457.png,5
7_1458.png,7
4_1459.png,4
6_1460.png,6
5_1461.png,5
2_1462.png,2
5_1463.png,5
0_1464.png,0
3_1465.png,3
0_1466.png,0
0_1467.png,0
7_1468.png,7
0_1469.png,0
7_1470.png,7
6_1471.png,6
1_1472.png,1
8_1473.png,8
5_1474.png,5
8_1475.png,8
4_1476.png,4
2_1477.png,2
4_1478.png,4
7_1479.png,7
0_1480.png,0
7_1481.png,7
2_1482.png,2
5_1483.png,5
3_1484.png,3
3_1485.png,3
4_1486.png,4
4_1487.png,4
0_1488.png,0
7_1489.png,7
7_1490.png,7
7_1491.png,7
7_1492.png,7
0_1493.png,0
8_1494.png,8
0_1495.png,0
8_1496.png,8
3_1497.png,3
3_1498.png,3
1_1499.png,1
6_1500.png,6
1_1501.png,1
0_1502.png,0
0_1503.png,0
7_1504.png,7
0_1505.png,0
1_1506.png,1
9_1507.png,9
7_1508.png,7
7_1509.png,7
2_1510.png,2
4_1511.png,4
9_1512.png,9
7_1513.png,7
7_1514.png,7
8_1515.png,8
1_1516.png,1
2_1517.png,2
5_1518.png,5
6_1519.png,6
3_1520.png,3
1_1521.png,1
9_1522.png,9
0_1523.png,0
3_1524.png,3
8_1525.png,8
9_1526.png,9
3_1527.png,3
5_1528.png,5
2_1529.png,2
5_1530.png,5
3_1531.png,3
9_1532.png,9
7_1533.png,7
2_1534.png,2
9_1535.png,9
3_1536.png,3
0_1537.png,0
7_1538.png,7
7_1539.png,7
4_1540.png,4
9_1541.png,9
9_1542.png,9
8_1543.png,8
1_1544.png,1
2_1545.png,2
7_1546.png,7
6_1547.png,6
0_1548.png,0
9_1549.png,9
5_1550.png,5
1_1551.png,1
5_1552.png,5
5_1553.png,5
1_1554.png,1
6_1555.png,6
6_1556.png,6
8_1557.png,8
4_1558.png,4
0_1559.png,0
0_1560.png,0
5_1561.png,5
3_1562.png,3
2_1563.png,2
8_1564.png,8
3_1565.png,3
0_1566.png,0
3_1567.png,3
3_1568.png,3
4_1569.png,4
1_1570.png,1
2_1571.png,2
9_1572.png,9
2_1573.png,2
7_1574.png,7
6_1575.png,6
6_1576.png,6
0_1577.png,0
4_1578.png,4
5_1579.png,5
6_1580.png,6
7_1581.png,7
2_1582.png,2
1_1583.png,1
3_1584.png,3
3_1585.png,3
0_1586.png,0
2_1587.png,2
5_1588.png,5
4_1589.png,4
9_1590.png,9
0_1591.png,0
9_1592.png,9
1_1593.png,1
1_1594.png,1
0_1595.png,0
3_1596.png,3
3_1597.png,3
1_1598.png,1
9_1599.png,9
8_1600.png,8
7_1601.png,7
1_1602.png,1
5_1603.png,5
0_1604.png,0
6_1605.png,6
8_1606.png,8
5_1607.png,5
7_1608.png,7
8_1609.png,8
3_1610.png,3
4_1611.png,4
1_1612.png,1
0_1613.png,0
1_1614.png,1
6_1615.png,6
1_1616.png,1
9_1617.png,9
3_1618.png,3
1_1619.png,1
8_1620.png,8
2_1621.png,2
1_1622.png,1
7_1623.png,7
8_1624.png,8
4_1625.png,4
1_1626.png,1
1_1627.png,1
5_1628.png,5
4_1629.png,4
2_1630.png,2
8_1631.png,8
3_1632.png,3
5_1633.png,5
1_1634.png,1
9_1635.png,9
0_1636.png,0
2_1637.png,2
7_1638.png,7
3_1639.png,3
7_1640.png,7
7_1641.png,7
9_1642.png,9
5_1643.png,5
0_1644.png,0
9_1645.png,9
1_1646.png,1
0_1647.png,0
2_1648.png,2
5_1649.png,5
7_1650.png,7
4_1651.png,4
7_1652.png,7
2_1653.png,2
0_1654.png,0
1_1655.png,1
6_1656.png,6
9_1657.png,9
8_1658.png,8
2_1659.png,2
9_1660.png,9
0_1661.png,0
7_1662.png,7
4_1663.png,4
8_1664.png,8
9_1665.png,9
8_1666.png,8
1_1667.png,1
8_1668.png,8
5_1669.png,5
5_1670.png,5
9_1671.png,9
4_1672.png,4
0_1673.png,0
4_1674.png,4
0_1675.png,0
9_1676.png,9
9_1677.png,9
6_1678.png,6
0_1679.png,0
3_1680.png,3
8_1681.png,8
5_1682.png,5
0_1683.png,0
3_1684.png,3
7_1685.png,7
0_1686.png,0
5_1687.png,5
4_1688.png,4
1_1689.png,1
1_1690.png,1
1_1691.png,1
9_1692.png,9
7_1693.png,7
9_1694.png,9
5_1695.png,5
7_1696.png,7
4_1697.png,4
6_1698.png,6
2_1699.png,2
1_1700.png,1
0_1701.png,0
1_1702.png,1
9_1703.png,9
3_1704.png,3
8_1705.png,8
2_1706.png,2
9_1707.png,9
3_1708.png,3
8_1709.png,8
4_1710.png,4
3_1711.png,3
0_1712.png,0
9_1713.png,9
2_1714.png,2
3_1715.png,3
4_1716.png,4
0_1717.png,0
7_1718.png,7
7_1719.png,7
9_1720.png,9
3_1721.png,3
4_1722.png,4
9_1723.png,9
7_1724.png,7
0_1725.png,0
0_1726.png,0
3_1727.png,3
1_1728.png,1
2_1729.png,2
8_1730.png,8
2_1731.png,2
4_1732.png,4
8_1733.png,8
4_1734.png,4
3_1735.png,3
8_1736.png,8
4_1737.png,4
4_1738.png,4
7_1739.png,7
5_1740.png,5
7_1741.png,7
6_1742.png,6
6_1743.png,6
3_1744.png,3
3_1745.png,3
5_1746.png,5
1_1747.png,1
6_1748.png,6
4_1749.png,4
2_1750.png,2
6_1751.png,6
7_1752.png,7
3_1753.png,3
1_1754.png,1
6_1755.png,6
7_1756.png,7
3_1757.png,3
4_1758.png,4
0_1759.png,0
9_1760.png,9
7_1761.png,7
3_1762.png,3
2_1763.png,2
0_1764.png,0
7_1765.png,7
7_1766.png,7
8_1767.png,8
0_1768.png,0
1_1769.png,1
4_1770.png,4
9_1771.png,9
8_1772.png,8
1_1773.png,1
8_1774.png,8
2_1775.png,2
8_1776.png,8
9_1777.png,9
7_1778.png,7
9_1779.png,9
9_1780.png,9
4_1781.png,4
4_1782.png,4
1_1783.png,1
8_1784.png,8
3_1785.png,3
5_1786.png,5
3_1787.png,3
3_1788.png,3
8_1789.png,8
0_1790.png,0
1_1791.png,1
6_1792.png,6
2_1793.png,2
9_1794.png,9
9_1795.png,9
2_1796.png,2
3_1797.png,3
7_1798.png,7
3_1799.png,3
7_1800.png,7
2_1801.png,2
3_1802.png,3
0_1803.png,0
1_1804.png,1
5_1805.png,5
5_1806.png,5
8_1807.png,8
9_1808.png,9
3_1809.png,3
5_1810.png,5
3_1811.png,3
2_1812.png,2
7_1813.png,7
1_1814.png,1
1_1815.png,1
6_1816.png,6
0_1817.png,0
7_1818.png,7
6_1819.png,6
8_1820.png,8
4_1821.png,4
2_1822.png,2
9_1823.png,9
1_1824.png,1
8_1825.png,8
0_1826.png,0
0_1827.png,0
5_1828.png,5
3_1829.png,3
2_1830.png,2
5_1831.png,5
8_1832.png,8
8_1833.png,8
2_1834.png,2
6_1835.png,6
8_1836.png,8
1_1837.png,1
0_1838.png,0
2_1839.png,2
9_1840.png,9
9_1841.png,9
8_1842.png,8
2_1843.png,2
6_1844.png,6
1_1845.png,1
2_1846.png,2
4_1847.png,4
9_1848.png,9
5_1849.png,5
6_1850.png,6
3_1851.png,3
9_1852.png,9
7_1853.png,7
9_1854.png,9
8_1855.png,8
7_1856.png,7
4_1857.png,4
0_1858.png,0
9_1859.png,9
9_1860.png,9
6_1861.png,6
4_1862.png,4
1_1863.png,1
5_1864.png,5
9_1865.png,9
5_1866.png,5
9_1867.png,9
8_1868.png,8
1_1869.png,1
6_1870.png,6
2_1871.png,2
0_1872.png,0
3_1873.png,3
8_1874.png,8
1_1875.png,1
4_1876.png,4
1_1877.png,1
5_1878.png,5
6_1879.png,6
2_1880.png,2
2_1881.png,2
3_1882.png,3
3_1883.png,3
9_1884.png,9
3_1885.png,3
6_1886.png,6
0_1887.png,0
9_1888.png,9
3_1889.png,3
1_1890.png,1
5_1891.png,5
7_1892.png,7
7_1893.png,7
2_1894.png,2
0_1895.png,0
1_1896.png,1
7_1897.png,7
2_1898.png,2
1_1899.png,1
9_1900.png,9
5_1901.png,5
8_1902.png,8
7_1903.png,7
0_1904.png,0
7_1905.png,7
5_1906.png,5
0_1907.png,0
3_1908.png,3
3_1909.png,3
1_1910.png,1
2_1911.png,2
7_1912.png,7
2_1913.png,2
2_1914.png,2
0_1915.png,0
7_1916.png,7
5_1917.png,5
3_1918.png,3
2_1919.png,2
5_1920.png,5
3_1921.png,3
4_1922.png,4
9_1923.png,9
9_1924.png,9
8_1925.png,8
9_1926.png,9
8_1927.png,8
7_1928.png,7
6_1929.png,6
2_1930.png,2
7_1931.png,7
1_1932.png,1
9_1933.png,9
2_1934.png,2
1_1935.png,1
5_1936.png,5
4_1937.png,4
8_1938.png,8
2_1939.png,2
2_1940.png,2
9_1941.png,9
1_1942.png,1
8_1943.png,8
8_1944.png,8
9_1945.png,9
1_1946.png,1
8_1947.png,8
5_1948.png,5
6_1949.png,6
4_1950.png,4
1_1951.png,1
0_1952.png,0
7_1953.png,7
9_1954.png,9
6_1955.png,6
7_1956.png,7
9_1957.png,9
1_1958.png,1
1_1959.png,1
0_1960.png,0
3_1961.png,3
1_1962.png,1
8_1963.png,8
4_1964.png,4
8_1965.png,8
1_1966.png,1
7_1967.png,7
6_1968.png,6
1_1969.png,1
3_1970.png,3
6_1971.png,6
1_1972.png,1
7_1973.png,7
3_1974.png,3
9_1975.png,9
8_1976.png,8
5_1977.png,5
7_1978.png,7
5_1979.png,5
5_1980.png,5
6_1981.png,6
4_1982.png,4
6_1983.png,6
3_1984.png,3
3_1985.png,3
8_1986.png,8
0_1987.png,0
5_1988.png,5
3_1989.png,3
8_1990.png,8
1_1991.png,1
3_1992.png,3
4_1993.png,4
8_1994.png,8
7_1995.png,7
1_1996.png,1
3_1997.png,3
2_1998.png,2
7_1999.png,7
9_2000.png,9
0_2001.png,0
5_2002.png,5
8_2003.png,8
6_2004.png,6
7_2005.png,7
5_2006.png,5
2_2007.png,2
5_2008.png,5
1_2009.png,1
2_2010.png,2
5_2011.png,5
3_2012.png,3
5_2013.png,5
2_2014.png,2
3_2015.png,3
9_2016.png,9
6_2017.png,6
3_2018.png,3
7_2019.png,7
4_2020.png,4
2_2021.png,2
5_2022.png,5
9_2023.png,9
9_2024.png,9
8_2025.png,8
4_2026.png,4
3_2027.png,3
6_2028.png,6
4_2029.png,4
3_2030.png,3
3_2031.png,3
6_2032.png,6
7_2033.png,7
9_2034.png,9
6_2035.png,6
8_2036.png,8
9_2037.png,9
9_2038.png,9
1_2039.png,1
6_2040.png,6
8_2041.png,8
9_2042.png,9
9_2043.png,9
9_2044.png,9
6_2045.png,6
4_2046.png,4
9_2047.png,9
1_2048.png,1
2_2049.png,2
7_2050.png,7
3_2051.png,3
2_2052.png,2
2_2053.png,2
4_2054.png,4
2_2055.png,2
1_2056.png,1
1_2057.png,1
7_2058.png,7
9_2059.png,9
8_2060.png,8
3_2061.png,3
1_2062.png,1
4_2063.png,4
6_2064.png,6
5_2065.png,5
7_2066.png,7
6_2067.png,6
8_2068.png,8
4_2069.png,4
9_2070.png,9
9_2071.png,9
5_2072.png,5
3_2073.png,3
7_2074.png,7
3_2075.png,3
7_2076.png,7
0_2077.png,0
0_2078.png,0
8_2079.png,8
4_2080.png,4
4_2081.png,4
0_2082.png,0
9_2083.png,9
3_2084.png,3
6_2085.png,6
3_2086.png,3
7_2087.png,7
5_2088.png,5
6_2089.png,6
6_2090.png,6
2_2091.png,2
9_2092.png,9
3_2093.png,3
0_2094.png,0
3_2095.png,3
9_2096.png,9
1_2097.png,1
1_2098.png,1
7_2099.png,7
0_2100.png,0
0_2101.png,0
8_2102.png,8
4_2103.png,4
2_2104.png,2
8_2105.png,8
1_2106.png,1
7_2107.png,7
3_2108.png,3
9_2109.png,9
8_2110.png,8
6_2111.png,6
2_2112.png,2
2_2113.png,2
9_2114.png,9
4_2115.png,4
0_2116.png,0
8_2117.png,8
1_2118.png,1
4_2119.png,4
7_2120.png,7
8_2121.png,8
8_2122.png,8
4_2123.png,4
8_2124.png,8
8_2125.png,8
2_2126.png,2
8_2127.png,8
3_2128.png,3
6_2129.png,6
8_2130.png,8
8_2131.png,8
1_2132.png,1
2_2133.png,2
1_2134.png,1
1_2135.png,1
5_2136.png,5
7_2137.png,7
5_2138.png,5
9_2139.png,9
9_2140.png,9
6_2141.png,6
1_2142.png,1
2_2143.png,2
9_2144.png,9
4_2145.png,4
1_2146.png,1
3_2147.png,3
5_2148.png,5
6_2149.png,6
2_2150.png,2
4_2151.png,4
1_2152.png,1
3_2153.png,3
9_2154.png,9
1_2155.png,1
9_2156.png,9
8_2157.png,8
8_2158.png,8
8_2159.png,8
8_2160.png,8
0_2161.png,0
5_2162.png,5
4_2163.png,4
0_2164.png,0
1_2165.png,1
5_2166.png,5
6_2167.png,6
7_2168.png,7
2_2169.png,2
9_2170.png,9
9_2171.png,9
3_2172.png,3
1_2173.png,1
7_2174.png,7
2_2175.png,2
2_2176.png,2
1_2177.png,1
3_2178.png,3
8_2179.png,8
7_2180.png,7
1_2181.png,1
7_2182.png,7
2_2183.png,2
4_2184.png,4
0_2185.png,0
1_2186.png,1
8_2187.png,8
0_2188.png,0
1_2189.png,1
7_2190.png,7
9_2191.png,9
8_2192.png,8
0_2193.png,0
7_2194.png,7
3_2195.png,3
7_2196.png,7
4_2197.png,4
9_2198.png,9
2_2199.png,2
6_2200.png,6
0_2201.png,0
9_2202.png,9
2_2203.png,2
7_2204.png,7
3_2205.png,3
8_2206.png,8
2_2207.png,2
8_2208.png,8
0_2209.png,0
6_2210.png,6
5_2211.png,5
7_2212.png,7
5_2213.png,5
9_2214.png,9
3_2215.png,3
3_2216.png,3
2_2217.png,2
8_2218.png,8
0_2219.png,0
0_2220.png,0
8_2221.png,8
5_2222.png,5
5_2223.png,5
4_2224.png,4
0_2225.png,0
9_2226.png,9
7_2227.png,7
3_2228.png,3
7_2229.png,7
3_2230.png,3
5_2231.png,5
4_2232.png,4
9_2233.png,9
5_2234.png,5
6_2235.png,6
9_2236.png,9
0_2237.png,0
3_2238.png,3
8_2239.png,8
3_2240.png,3
5_2241.png,5
1_2242.png,1
5_2243.png,5
6_2244.png,6
2_2245.png,2
7_2246.png,7
2_2247.png,2
8_2248.png,8
4_2249.png,4
0_2250.png,0
0_2251.png,0
8_2252.png,8
7_2253.png,7
0_2254.png,0
7_2255.png,7
3_2256.png,3
2_2257.png,2
3_2258.png,3
0_2259.png,0
4_2260.png,4
7_2261.png,7
4_2262.png,4
2_2263.png,2
5_2264.png,5
6_2265.png,6
9_2266.png,9
4_2267.png,4
1_2268.png,1
0_2269.png,0
8_2270.png,8
6_2271.png,6
0_2272.png,0
4_2273.png,4
0_2274.png,0
8_2275.png,8
7_2276.png,7
4_2277.png,4
1_2278.png,1
9_2279.png,9
8_2280.png,8
3_2281.png,3
0_2282.png,0
3_2283.png,3
9_2284.png,9
7_2285.png,7
6_2286.png,6
3_2287.png,3
3_2288.png,3
5_2289.png,5
5_2290.png,5
7_2291.png,7
3_2292.png,3
3_2293.png,3
1_2294.png,1
7_2295.png,7
6_2296.png,6
9_2297.png,9
2_2298.png,2
9_2299.png,9
4_2300.png,4
4_2301.png,4
0_2302.png,0
3_2303.png,3
5_2304.png,5
5_2305.png,5
8_2306.png,8
6_2307.png,6
9_2308.png,9
5_2309.png,5
1_2310.png,1
4_2311.png,4
6_2312.png,6
9_2313.png,9
0_2314.png,0
9_2315.png,9
6_2316.png,6
3_2317.png,3
2_2318.png,2
6_2319.png,6
7_2320.png,7
6_2321.png,6
0_2322.png,0
1_2323.png,1
1_2324.png,1
2_2325.png,2
9_2326.png,9
7_2327.png,7
7_2328.png,7
3_2329.png,3
9_2330.png,9
8_2331.png,8
6_2332.png,6
3_2333.png,3
5_2334.png,5
5_2335.png,5
8_2336.png,8
0_2337.png,0
9_2338.png,9
4_2339.png,4
7_2340.png,7
5_2341.png,5
8_2342.png,8
4_2343.png,4
4_2344.png,4
7_2345.png,7
9_2346.png,9
7_2347.png,7
9_2348.png,9
6_2349.png,6
3_2350.png,3
4_2351.png,4
3_2352.png,3
3_2353.png,3
5_2354.png,5
3_2355.png,3
2_2356.png,2
2_2357.png,2
3_2358.png,3
0_2359.png,0
3_2360.png,3
7_2361.png,7
1_2362.png,1
3_2363.png,3
1_2364.png,1
5_2365.png,5
2_2366.png,2
0_2367.png,0
9_2368.png,9
2_2369.png,2
7_2370.png,7
7_2371.png,7
7_2372.png,7
7_2373.png,7
8_2374.png,8
0_2375.png,0
4_2376.png,4
6_2377.png,6
2_2378.png,2
0_2379.png,0
5_2380.png,5
7_2381.png,7
1_2382.png,1
7_2383.png,7
6_2384.png,6
1_2385.png,1
3_2386.png,3
7_2387.png,7
7_2388.png,7
3_2389.png,3
6_2390.png,6
0_2391.png,0
6_2392.png,6
5_2393.png,5
7_2394.png,7
9_2395.png,9
9_2396.png,9
5_2397.png,5
2_2398.png,2
3_2399.png,3
9_2400.png,9
8_2401.png,8
3_2402.png,3
8_2403.png,8
4_2404.png,4
1_2405.png,1
1_2406.png,1
6_2407.png,6
0_2408.png,0
0_2409.png,0
4_2410.png,4
2_2411.png,2
6_2412.png,6
1_2413.png,1
0_2414.png,0
7_2415.png,7
1_2416.png,1
6_2417.png,6
8_2418.png,8
5_2419.png,5
2_2420.png,2
9_2421.png,9
0_2422.png,0
5_2423.png,5
8_2424.png,8
0_2425.png,0
6_2426.png,6
9_2427.png,9
8_2428.png,8
5_2429.png,5
9_2430.png,9
1_2431.png,1
1_2432.png,1
1_2433.png,1
8_2434.png,8
5_2435.png,5
6_2436.png,6
9_2437.png,9
2_2438.png,2
7_2439.png,7
1_2440.png,1
8_2441.png,8
8_2442.png,8
6_2443.png,6
8_2444.png,8
4_2445.png,4
4_2446.png,4
3_2447.png,3
0_2448.png,0
6_2449.png,6
7_2450.png,7
8_2451.png,8
1_2452.png,1
5_2453.png,5
1_2454.png,1
6_2455.png,6
5_2456.png,5
9_2457.png,9
0_2458.png,0
7_2459.png,7
2_2460.png,2
4_2461.png,4
1_2462.png,1
3_2463.png,3
1_2464.png,1
8_2465.png,8
7_2466.png,7
8_2467.png,8
2_2468.png,2
2_2469.png,2
4_2470.png,4
0_2471.png,0
5_2472.png,5
3_2473.png,3
1_2474.png,1
3_2475.png,3
0_2476.png,0
5_2477.png,5
8_2478.png,8
3_2479.png,3
9_2480.png,9
3_2481.png,3
6_2482.png,6
4_2483.png,4
5_2484.png,5
2_2485.png,2
9_2486.png,9
4_2487.png,4
5_2488.png,5
9_2489.png,9
3_2490.png,3
8_2491.png,8
7_2492.png,7
4_2493.png,4
0_2494.png,0
8_2495.png,8
8_2496.png,8
9_2497.png,9
3_2498.png,3
2_2499.png,2
2_2500.png,2
6_2501.png,6
4_2502.png,4
7_2503.png,7
4_2504.png,4
4_2505.png,4
6_2506.png,6
2_2507.png,2
5_2508.png,5
1_2509.png,1
4_2510.png,4
6_2511.png,6
4_2512.png,4
4_2513.png,4
2_2514.png,2
2_2515.png,2
9_2516.png,9
9_2517.png,9
6_2518.png,6
4_2519.png,4
6_2520.png,6
9_2521.png,9
5_2522.png,5
2_2523.png,2
1_2524.png,1
9_2525.png,9
6_2526.png,6
1_2527.png,1
4_2528.png,4
6_2529.png,6
6_2530.png,6
6_2531.png,6
0_2532.png,0
8_2533.png,8
3_2534.png,3
9_2535.png,9
8_2536.png,8
8_2537.png,8
9_2538.png,9
4_2539.png,4
8_2540.png,8
5_2541.png,5
1_2542.png,1
3_2543.png,3
8_2544.png,8
0_2545.png,0
2_2546.png,2
9_2547.png,9
1_2548.png,1
4_2549.png,4
5_2550.png,5
1_2551.png,1
0_2552.png,0
0_2553.png,0
8_2554.png,8
1_2555.png,1
6_2556.png,6
5_2557.png,5
0_2558.png,0
0_2559.png,0
6_2560.png,6
2_2561.png,2
5_2562.png,5
5_2563.png,5
0_2564.png,0
4_2565.png,4
0_2566.png,0
7_2567.png,7
1_2568.png,1
6_2569.png,6
9_2570.png,9
8_2571.png,8
4_2572.png,4
9_2573.png,9
3_2574.png,3
8_2575.png,8
0_2576.png,0
5_2577.png,5
2_2578.png,2
7_2579.png,7
1_2580.png,1
8_2581.png,8
4_2582.png,4
5_2583.png,5
5_2584.png,5
2_2585.png,2
7_2586.png,7
0_2587.png,0
8_2588.png,8
2_2589.png,2
0_2590.png,0
6_2591.png,6
5_2592.png,5
3_2593.png,3
7_2594.png,7
3_2595.png,3
3_2596.png,3
0_2597.png,0
0_2598.png,0
4_2599.png,4
8_2600.png,8
0_2601.png,0
2_2602.png,2
5_2603.png,5
5_2604.png,5
5_2605.png,5
9_2606.png,9
8_2607.png,8
7_2608.png,7
5_2609.png,5
2_2610.png,2
7_2611.png,7
6_2612.png,6
0_2613.png,0
3_2614.png,3
5_2615.png,5
0_2616.png,0
3_2617.png,3
8_2618.png,8
7_2619.png,7
3_2620.png,3
3_2621.png,3
2_2622.png,2
3_2623.png,3
2_2624.png,2
0_2625.png,0
0_2626.png,0
6_2627.png,6
9_2628.png,9
0_2629.png,0
3_2630.png,3
6_2631.png,6
4_2632.png,4
9_2633.png,9
0_2634.png,0
7_2635.png,7
2_2636.png,2
8_2637.png,8
5_2638.png,5
8_2639.png,8
3_2640.png,3
6_2641.png,6
7_2642.png,7
1_2643.png,1
7_2644.png,7
0_2645.png,0
9_2646.png,9
9_2647.png,9
1_2648.png,1
2_2649.png,2
8_2650.png,8
2_2651.png,2
3_2652.png,3
8_2653.png,8
1_2654.png,1
4_2655.png,4
9_2656.png,9
9_2657.png,9
2_2658.png,2
1_2659.png,1
1_2660.png,1
5_2661.png,5
6_2662.png,6
4_2663.png,4
1_2664.png,1
0_2665.png,0
5_2666.png,5
2_2667.png,2
5_2668.png,5
9_2669.png,9
5_2670.png,5
1_2671.png,1
8_2672.png,8
6_2673.png,6
1_2674.png,1
2_2675.png,2
1_2676.png,1
8_2677.png,8
1_2678.png,1
9_2679.png,9
4_2680.png,4
7_2681.png,7
6_2682.png,6
9_2683.png,9
7_2684.png,7
8_2685.png,8
1_2686.png,1
8_2687.png,8
3_2688.png,3
5_2689.png,5
9_2690.png,9
8_2691.png,8
0_2692.png,0
8_2693.png,8
5_2694.png,5
5_2695.png,5
0_2696.png,0
5_2697.png,5
6_2698.png,6
9_2699.png,9
0_2700.png,0
7_2701.png,7
3_2702.png,3
6_2703.png,6
4_2704.png,4
8_2705.png,8
3_2706.png,3
6_2707.png,6
1_2708.png,1
9_2709.png,9
2_2710.png,2
6_2711.png,6
1_2712.png,1
3_2713.png,3
9_2714.png,9
0_2715.png,0
7_2716.png,7
1_2717.png,1
8_2718.png,8
8_2719.png,8
2_2720.png,2
5_2721.png,5
8_2722.png,8
9_2723.png,9
1_2724.png,1
2_2725.png,2
4_2726.png,4
6_2727.png,6
4_2728.png,4
2_2729.png,2
9_2730.png,9
7_2731.png,7
7_2732.png,7
7_2733.png,7
4_2734.png,4
2_2735.png,2
4_2736.png,4
2_2737.png,2
1_2738.png,1
9_2739.png,9
6_2740.png,6
2_2741.png,2
2_2742.png,2
8_2743.png,8
6_2744.png,6
4_2745.png,4
3_2746.png,3
9_2747.png,9
4_2748.png,4
3_2749.png,3
2_2750.png,2
4_2751.png,4
9_2752.png,9
6_2753.png,6
7_2754.png,7
3_2755.png,3
6_2756.png,6
5_2757.png,5
7_2758.png,7
4_2759.png,4
1_2760.png,1
3_2761.png,3
9_2762.png,9
3_2763.png,3
7_2764.png,7
4_2765.png,4
8_2766.png,8
6_2767.png,6
0_2768.png,0
7_2769.png,7
8_2770.png,8
0_2771.png,0
1_2772.png,1
2_2773.png,2
7_2774.png,7
9_2775.png,9
1_2776.png,1
4_2777.png,4
7_2778.png,7
6_2779.png,6
9_2780.png,9
7_2781.png,7
8_2782.png,8
0_2783.png,0
5_2784.png,5
1_2785.png,1
1_2786.png,1
8_2787.png,8
5_2788.png,5
5_2789.png,5
1_2790.png,1
3_2791.png,3
3_2792.png,3
2_2793.png,2
5_2794.png,5
7_2795.png,7
7_2796.png,7
9_2797.png,9
3_2798.png,3
6_2799.png,6
7_2800.png,7
5_2801.png,5
8_2802.png,8
7_2803.png,7
7_2804.png,7
9_2805.png,9
6_2806.png,6
3_2807.png,3
9_2808.png,9
2_2809.png,2
1_2810.png,1
8_2811.png,8
1_2812.png,1
4_2813.png,4
5_2814.png,5
2_2815.png,2
6_2816.png,6
6_2817.png,6
0_2818.png,0
1_2819.png,1
0_2820.png,0
0_2821.png,0
7_2822.png,7
6_2823.png,6
4_2824.png,4
0_2825.png,0
9_2826.png,9
5_2827.png,5
7_2828.png,7
8_2829.png,8
4_2830.png,4
7_2831.png,7
4_2832.png,4
7_2833.png,7
7_2834.png,7
6_2835.png,6
6_2836.png,6
8_2837.png,8
7_2838.png,7
0_2839.png,0
1_2840.png,1
3_2841.png,3
1_2842.png,1
0_2843.png,0
9_2844.png,9
6_2845.png,6
3_2846.png,3
8_2847.png,8
4_2848.png,4
8_2849.png,8
9_2850.png,9
9_2851.png,9
1_2852.png,1
3_2853.png,3
7_2854.png,7
1_2855.png,1
3_2856.png,3
3_2857.png,3
5_2858.png,5
4_2859.png,4
3_2860.png,3
9_2861.png,9
2_2862.png,2
1_2863.png,1
8_2864.png,8
4_2865.png,4
6_2866.png,6
3_2867.png,3
5_2868.png,5
5_2869.png,5
3_2870.png,3
6_2871.png,6
3_2872.png,3
6_2873.png,6
0_2874.png,0
9_2875.png,9
5_2876.png,5
9_2877.png,9
6_2878.png,6
4_2879.png,4
2_2880.png,2
9_2881.png,9
8_2882.png,8
7_2883.png,7
0_2884.png,0
1_2885.png,1
4_2886.png,4
8_2887.png,8
1_2888.png,1
1_2889.png,1
8_2890.png,8
7_2891.png,7
2_2892.png,2
1_2893.png,1
7_2894.png,7
3_2895.png,3
3_2896.png,3
2_2897.png,2
9_2898.png,9
4_2899.png,4
9_2900.png,9
6_2901.png,6
3_2902.png,3
2_2903.png,2
9_2904.png,9
5_2905.png,5
2_2906.png,2
4_2907.png,4
8_2908.png,8
0_2909.png,0
3_2910.png,3
2_2911.png,2
4_2912.png,4
7_2913.png,7
3_2914.png,3
6_2915.png,6
7_2916.png,7
4_2917.png,4
3_2918.png,3
8_2919.png,8
3_2920.png,3
5_2921.png,5
5_2922.png,5
0_2923.png,0
3_2924.png,3
6_2925.png,6
9_2926.png,9
2_2927.png,2
7_2928.png,7
2_2929.png,2
6_2930.png,6
4_2931.png,4
8_2932.png,8
0_2933.png,0
2_2934.png,2
6_2935.png,6
7_2936.png,7
9_2937.png,9
9_2938.png,9
9_2939.png,9
7_2940.png,7
0_2941.png,0
3_2942.png,3
3_2943.png,3
6_2944.png,6
5_2945.png,5
2_2946.png,2
3_2947.png,3
3_2948.png,3
0_2949.png,0
8_2950.png,8
1_2951.png,1
6_2952.png,6
2_2953.png,2
3_2954.png,3
8_2955.png,8
5_2956.png,5
9_2957.png,9
8_2958.png,8
3_2959.png,3
4_2960.png,4
9_2961.png,9
5_2962.png,5
2_2963.png,2
8_2964.png,8
7_2965.png,7
4_2966.png,4
2_2967.png,2
4_2968.png,4
6_2969.png,6
7_2970.png,7
0_2971.png,0
9_2972.png,9
0_2973.png,0
7_2974.png,7
9_2975.png,9
8_2976.png,8
7_2977.png,7
5_2978.png,5
6_2979.png,6
2_2980.png,2
7_2981.png,7
0_2982.png,0
5_2983.png,5
5_2984.png,5
3_2985.png,3
5_2986.png,5
0_2987.png,0
6_2988.png,6
7_2989.png,7
9_2990.png,9
0_2991.png,0
1_2992.png,1
5_2993.png,5
6_2994.png,6
4_2995.png,4
4_2996.png,4
4_2997.png,4
9_2998.png,9
6_2999.png,6
5_3000.png,5
5_3001.png,5
1_3002.png,1
9_3003.png,9
1_3004.png,1
5_3005.png,5
9_3006.png,9
5_3007.png,5
3_3008.png,3
5_3009.png,5
3_3010.png,3
8_3011.png,8
8_3012.png,8
9_3013.png,9
3_3014.png,3
7_3015.png,7
1_3016.png,1
7_3017.png,7
8_3018.png,8
4_3019.png,4
5_3020.png,5
3_3021.png,3
2_3022.png,2
1_3023.png,1
1_3024.png,1
6_3025.png,6
7_3026.png,7
6_3027.png,6
2_3028.png,2
2_3029.png,2
5_3030.png,5
8_3031.png,8
0_3032.png,0
7_3033.png,7
3_3034.png,3
0_3035.png,0
6_3036.png,6
0_3037.png,0
0_3038.png,0
0_3039.png,0
5_3040.png,5
6_3041.png,6
8_3042.png,8
4_3043.png,4
6_3044.png,6
0_3045.png,0
7_3046.png,7
6_3047.png,6
2_3048.png,2
7_3049.png,7
3_3050.png,3
5_3051.png,5
2_3052.png,2
3_3053.png,3
5_3054.png,5
6_3055.png,6
8_3056.png,8
3_3057.png,3
2_3058.png,2
3_3059.png,3
6_3060.png,6
3_3061.png,3
1_3062.png,1
6_3063.png,6
2_3064.png,2
2_3065.png,2
9_3066.png,9
2_3067.png,2
1_3068.png,1
6_3069.png,6
9_3070.png,9
4_3071.png,4
1_3072.png,1
2_3073.png,2
6_3074.png,6
3_3075.png,3
7_3076.png,7
2_3077.png,2
2_3078.png,2
1_3079.png,1
2_3080.png,2
9_3081.png,9
9_3082.png,9
2_3083.png,2
5_3084.png,5
6_3085.png,6
9_3086.png,9
5_3087.png,5
3_3088.png,3
8_3089.png,8
8_3090.png,8
5_3091.png,5
0_3092.png,0
1_3093.png,1
7_3094.png,7
3_3095.png,3
5_3096.png,5
9_3097.png,9
9_3098.png,9
9_3099.png,9
4_3100.png,4
3_3101.png,3
5_3102.png,5
6_3103.png,6
1_3104.png,1
3_3105.png,3
0_3106.png,0
1_3107.png,1
1_3108.png,1
2_3109.png,2
1_3110.png,1
8_3111.png,8
2_3112.png,2
1_3113.png,1
8_3114.png,8
0_3115.png,0
2_3116.png,2
8_3117.png,8
4_3118.png,4
3_3119.png,3
5_3120.png,5
2_3121.png,2
7_3122.png,7
0_3123.png,0
3_3124.png,3
1_3125.png,1
5_3126.png,5
1_3127.png,1
2_3128.png,2
4_3129.png,4
7_3130.png,7
7_3131.png,7
5_3132.png,5
4_3133.png,4
8_3134.png,8
9_3135.png,9
7_3136.png,7
5_3137.png,5
8_3138.png,8
2_3139.png,2
6_3140.png,6
6_3141.png,6
6_3142.png,6
2_3143.png,2
0_3144.png,0
1_3145.png,1
9_3146.png,9
2_3147.png,2
2_3148.png,2
7_3149.png,7
6_3150.png,6
3_3151.png,3
9_3152.png,9
6_3153.png,6
9_3154.png,9
1_3155.png,1
8_3156.png,8
9_3157.png,9
8_3158.png,8
3_3159.png,3
2_3160.png,2
7_3161.png,7
4_3162.png,4
9_3163.png,9
9_3164.png,9
8_3165.png,8
1_3166.png,1
6_3167.png,6
0_3168.png,0
1_3169.png,1
9_3170.png,9
1_3171.png,1
9_3172.png,9
8_3173.png,8
9_3174.png,9
9_3175.png,9
7_3176.png,7
6_3177.png,6
8_3178.png,8
2_3179.png,2
7_3180.png,7
2_3181.png,2
5_3182.png,5
5_3183.png,5
7_3184.png,7
9_3185.png,9
5_3186.png,5
2_3187.png,2
6_3188.png,6
0_3189.png,0
9_3190.png,9
2_3191.png,2
0_3192.png,0
3_3193.png,3
7_3194.png,7
1_3195.png,1
6_3196.png,6
6_3197.png,6
0_3198.png,0
9_3199.png,9
1_3200.png,1
4_3201.png,4
2_3202.png,2
2_3203.png,2
4_3204.png,4
9_3205.png,9
1_3206.png,1
9_3207.png,9
5_3208.png,5
3_3209.png,3
1_3210.png,1
1_3211.png,1
9_3212.png,9
3_3213.png,3
7_3214.png,7
9_3215.png,9
7_3216.png,7
9_3217.png,9
0_3218.png,0
3_3219.png,3
1_3220.png,1
3_3221.png,3
0_3222.png,0
8_3223.png,8
0_3224.png,0
1_3225.png,1
0_3226.png,0
3_3227.png,3
7_3228.png,7
3_3229.png,3
2_3230.png,2
9_3231.png,9
3_3232.png,3
9_3233.png,9
6_3234.png,6
0_3235.png,0
3_3236.png,3
2_3237.png,2
9_3238.png,9
1_3239.png,1
9_3240.png,9
1_3241.png,1
1_3242.png,1
0_3243.png,0
4_3244.png,4
6_3245.png,6
8_3246.png,8
3_3247.png,3
2_3248.png,2
7_3249.png,7
0_3250.png,0
4_3251.png,4
0_3252.png,0
3_3253.png,3
2_3254.png,2
4_3255.png,4
3_3256.png,3
4_3257.png,4
5_3258.png,5
0_3259.png,0
0_3260.png,0
5_3261.png,5
6_3262.png,6
4_3263.png,4
6_3264.png,6
4_3265.png,4
7_3266.png,7
1_3267.png,1
8_3268.png,8
3_3269.png,3
0_3270.png,0
1_3271.png,1
2_3272.png,2
0_3273.png,0
9_3274.png,9
2_3275.png,2
0_3276.png,0
5_3277.png,5
3_3278.png,3
7_3279.png,7
7_3280.png,7
7_3281.png,7
2_3282.png,2
5_3283.png,5
0_3284.png,0
9_3285.png,9
3_3286.png,3
4_3287.png,4
7_3288.png,7
3_3289.png,3
9_3290.png,9
7_3291.png,7
1_3292.png,1
8_3293.png,8
1_3294.png,1
5_3295.png,5
0_3296.png,0
0_3297.png,0
6_3298.png,6
5_3299.png,5
2_3300.png,2
0_3301.png,0
3_3302.png,3
2_3303.png,2
3_3304.png,3
5_3305.png,5
3_3306.png,3
6_3307.png,6
1_3308.png,1
2_3309.png,2
3_3310.png,3
7_3311.png,7
2_3312.png,2
2_3313.png,2
3_3314.png,3
6_3315.png,6
6_3316.png,6
3_3317.png,3
6_3318.png,6
3_3319.png,3
4_3320.png,4
8_3321.png,8
6_3322.png,6
4_3323.png,4
0_3324.png,0
9_3325.png,9
7_3326.png,7
2_3327.png,2
7_3328.png,7
7_3329.png,7
7_3330.png,7
8_3331.png,8
0_3332.png,0
8_3333.png,8
5_3334.png,5
9_3335.png,9
4_3336.png,4
0_3337.png,0
8_3338.png,8
5_3339.png,5
0_3340.png,0
1_3341.png,1
4_3342.png,4
9_3343.png,9
9_3344.png,9
2_3345.png,2
1_3346.png,1
3_3347.png,3
5_3348.png,5
8_3349.png,8
4_3350.png,4
1_3351.png,1
1_3352.png,1
9_3353.png,9
0_3354.png,0
4_3355.png,4
4_3356.png,4
3_3357.png,3
1_3358.png,1
4_3359.png,4
5_3360.png,5
9_3361.png,9
6_3362.png,6
0_3363.png,0
1_3364.png,1
4_3365.png,4
3_3366.png,3
2_3367.png,2
5_3368.png,5
0_3369.png,0
6_3370.png,6
1_3371.png,1
5_3372.png,5
6_3373.png,6
1_3374.png,1
5_3375.png,5
8_3376.png,8
9_3377.png,9
5_3378.png,5
7_3379.png,7
3_3380.png,3
2_3381.png,2
1_3382.png,1
7_3383.png,7
6_3384.png,6
9_3385.png,9
0_3386.png,0
9_3387.png,9
3_3388.png,3
2_3389.png,2
3_3390.png,3
5_3391.png,5
9_3392.png,9
5_3393.png,5
6_3394.png,6
6_3395.png,6
7_3396.png,7
9_3397.png,9
1_3398.png,1
7_3399.png,7
3_3400.png,3
7_3401.png,7
0_3402.png,0
4_3403.png,4
6_3404.png,6
5_3405.png,5
6_3406.png,6
4_3407.png,4
9_3408.png,9
7_3409.png,7
5_3410.png,5
3_3411.png,3
8_3412.png,8
4_3413.png,4
6_3414.png,6
2_3415.png,2
1_3416.png,1
4_3417.png,4
0_3418.png,0
1_3419.png,1
6_3420.png,6
8_3421.png,8
9_3422.png,9
4_3423.png,4
0_3424.png,0
0_3425.png,0
6_3426.png,6
8_3427.png,8
3_3428.png,3
1_3429.png,1
6_3430.png,6
7_3431.png,7
2_3432.png,2
7_3433.png,7
0_3434.png,0
6_3435.png,6
5_3436.png,5
9_3437.png,9
2_3438.png,2
4_3439.png,4
9_3440.png,9
4_3441.png,4
3_3442.png,3
2_3443.png,2
4_3444.png,4
8_3445.png,8
0_3446.png,0
5_3447.png,5
1_3448.png,1
2_3449.png,2
1_3450.png,1
6_3451.png,6
9_3452.png,9
1_3453.png,1
1_3454.png,1
6_3455.png,6
9_3456.png,9
1_3457.png,1
3_3458.png,3
0_3459.png,0
9_3460.png,9
9_3461.png,9
4_3462.png,4
5_3463.png,5
5_3464.png,5
7_3465.png,7
3_3466.png,3
8_3467.png,8
5_3468.png,5
8_3469.png,8
9_3470.png,9
0_3471.png,0
7_3472.png,7
2_3473.png,2
3_3474.png,3
1_3475.png,1
1_3476.png,1
5_3477.png,5
7_3478.png,7
1_3479.png,1
7_3480.png,7
6_3481.png,6
9_3482.png,9
4_3483.png,4
8_3484.png,8
1_3485.png,1
0_3486.png,0
6_3487.png,6
3_3488.png,3
2_3489.png,2
6_3490.png,6
1_3491.png,1
7_3492.png,7
8_3493.png,8
9_3494.png,9
3_3495.png,3
5_3496.png,5
8_3497.png,8
5_3498.png,5
0_3499.png,0
2_3500.png,2
5_3501.png,5
8_3502.png,8
5_3503.png,5
3_3504.png,3
5_3505.png,5
6_3506.png,6
4_3507.png,4
0_3508.png,0
8_3509.png,8
8_3510.png,8
9_3511.png,9
4_3512.png,4
3_3513.png,3
2_3514.png,2
5_3515.png,5
3_3516.png,3
1_3517.png,1
8_3518.png,8
9_3519.png,9
6_3520.png,6
2_3521.png,2
0_3522.png,0
7_3523.png,7
5_3524.png,5
1_3525.png,1
7_3526.png,7
7_3527.png,7
0_3528.png,0
6_3529.png,6
4_3530.png,4
5_3531.png,5
0_3532.png,0
3_3533.png,3
9_3534.png,9
0_3535.png,0
1_3536.png,1
7_3537.png,7
4_3538.png,4
8_3539.png,8
3_3540.png,3
5_3541.png,5
7_3542.png,7
2_3543.png,2
3_3544.png,3
7_3545.png,7
1_3546.png,1
8_3547.png,8
4_3548.png,4
4_3549.png,4
5_3550.png,5
2_3551.png,2
1_3552.png,1
1_3553.png,1
6_3554.png,6
7_3555.png,7
1_3556.png,1
9_3557.png,9
2_3558.png,2
5_3559.png,5
0_3560.png,0
9_3561.png,9
5_3562.png,5
6_3563.png,6
9_3564.png,9
5_3565.png,5
9_3566.png,9
8_3567.png,8
7_3568.png,7
6_3569.png,6
8_3570.png,8
8_3571.png,8
5_3572.png,5
4_3573.png,4
6_3574.png,6
2_3575.png,2
3_3576.png,3
3_3577.png,3
6_3578.png,6
8_3579.png,8
8_3580.png,8
9_3581.png,9
0_3582.png,0
0_3583.png,0
7_3584.png,7
3_3585.png,3
6_3586.png,6
7_3587.png,7
4_3588.png,4
9_3589.png,9
4_3590.png,4
8_3591.png,8
7_3592.png,7
8_3593.png,8
7_3594.png,7
5_3595.png,5
8_3596.png,8
4_3597.png,4
3_3598.png,3
3_3599.png,3
0_3600.png,0
4_3601.png,4
5_3602.png,5
1_3603.png,1
3_3604.png,3
6_3605.png,6
5_3606.png,5
6_3607.png,6
0_3608.png,0
1_3609.png,1
6_3610.png,6
9_3611.png,9
9_3612.png,9
9_3613.png,9
9_3614.png,9
9_3615.png,9
5_3616.png,5
1_3617.png,1
3_3618.png,3
0_3619.png,0
5_3620.png,5
1_3621.png,1
3_3622.png,3
5_3623.png,5
9_3624.png,9
7_3625.png,7
7_3626.png,7
6_3627.png,6
2_3628.png,2
6_3629.png,6
3_3630.png,3
7_3631.png,7
1_3632.png,1
7_3633.png,7
8_3634.png,8
4_3635.png,4
5_3636.png,5
8_3637.png,8
5_3638.png,5
2_3639.png,2
2_3640.png,2
4_3641.png,4
1_3642.png,1
0_3643.png,0
8_3644.png,8
1_3645.png,1
8_3646.png,8
1_3647.png,1
8_3648.png,8
7_3649.png,7
5_3650.png,5
6_3651.png,6
6_3652.png,6
2_3653.png,2
1_3654.png,1
7_3655.png,7
7_3656.png,7
7_3657.png,7
4_3658.png,4
0_3659.png,0
1_3660.png,1
1_3661.png,1
0_3662.png,0
1_3663.png,1
8_3664.png,8
6_3665.png,6
2_3666.png,2
2_3667.png,2
0_3668.png,0
7_3669.png,7
8_3670.png,8
1_3671.png,1
6_3672.png,6
8_3673.png,8
0_3674.png,0
7_3675.png,7
2_3676.png,2
6_3677.png,6
5_3678.png,5
2_3679.png,2
6_3680.png,6
1_3681.png,1
9_3682.png,9
3_3683.png,3
4_3684.png,4
6_3685.png,6
7_3686.png,7
2_3687.png,2
2_3688.png,2
6_3689.png,6
0_3690.png,0
9_3691.png,9
0_3692.png,0
9_3693.png,9
7_3694.png,7
1_3695.png,1
5_3696.png,5
4_3697.png,4
4_3698.png,4
1_3699.png,1
4_3700.png,4
7_3701.png,7
1_3702.png,1
0_3703.png,0
8_3704.png,8
9_3705.png,9
1_3706.png,1
2_3707.png,2
6_3708.png,6
8_3709.png,8
9_3710.png,9
9_3711.png,9
5_3712.png,5
3_3713.png,3
4_3714.png,4
0_3715.png,0
6_3716.png,6
8_3717.png,8
0_3718.png,0
1_3719.png,1
9_3720.png,9
3_3721.png,3
8_3722.png,8
4_3723.png,4
7_3724.png,7
2_3725.png,2
9_3726.png,9
2_3727.png,2
0_3728.png,0
2_3729.png,2
1_3730.png,1
6_3731.png,6
9_3732.png,9
1_3733.png,1
7_3734.png,7
6_3735.png,6
8_3736.png,8
2_3737.png,2
7_3738.png,7
7_3739.png,7
2_3740.png,2
7_3741.png,7
5_3742.png,5
0_3743.png,0
2_3744.png,2
4_3745.png,4
6_3746.png,6
4_3747.png,4
7_3748.png,7
2_3749.png,2
3_3750.png,3
0_3751.png,0
9_3752.png,9
8_3753.png,8
2_3754.png,2
0_3755.png,0
5_3756.png,5
9_3757.png,9
1_3758.png,1
6_3759.png,6
2_3760.png,2
1_3761.png,1
1_3762.png,1
3_3763.png,3
4_3764.png,4
6_3765.png,6
4_3766.png,4
1_3767.png,1
3_3768.png,3
7_3769.png,7
3_3770.png,3
8_3771.png,8
0_3772.png,0
4_3773.png,4
0_3774.png,0
4_3775.png,4
1_3776.png,1
3_3777.png,3
6_3778.png,6
2_3779.png,2
3_3780.png,3
1_3781.png,1
4_3782.png,4
6_3783.png,6
3_3784.png,3
8_3785.png,8
7_3786.png,7
4_3787.png,4
0_3788.png,0
7_3789.png,7
7_3790.png,7
0_3791.png,0
9_3792.png,9
7_3793.png,7
3_3794.png,3
1_3795.png,1
9_3796.png,9
2_3797.png,2
3_3798.png,3
2_3799.png,2
6_3800.png,6
5_3801.png,5
2_3802.png,2
0_3803.png,0
5_3804.png,5
0_3805.png,0
7_3806.png,7
6_3807.png,6
7_3808.png,7
1_3809.png,1
5_3810.png,5
3_3811.png,3
7_3812.png,7
2_3813.png,2
9_3814.png,9
9_3815.png,9
2_3816.png,2
6_3817.png,6
3_3818.png,3
6_3819.png,6
2_3820.png,2
8_3821.png,8
0_3822.png,0
2_3823.png,2
4_3824.png,4
2_3825.png,2
9_3826.png,9
4_3827.png,4
8_3828.png,8
3_3829.png,3
3_3830.png,3
3_3831.png,3
5_3832.png,5
6_3833.png,6
7_3834.png,7
3_3835.png,3
3_3836.png,3
6_3837.png,6
4_3838.png,4
8_3839.png,8
5_3840.png,5
0_3841.png,0
4_3842.png,4
6_3843.png,6
4_3844.png,4
5_3845.png,5
8_3846.png,8
4_3847.png,4
6_3848.png,6
7_3849.png,7
1_3850.png,1
0_3851.png,0
3_3852.png,3
1_3853.png,1
9_3854.png,9
1_3855.png,1
8_3856.png,8
9_3857.png,9
7_3858.png,7
9_3859.png,9
0_3860.png,0
7_3861.png,7
5_3862.png,5
6_3863.png,6
6_3864.png,6
3_3865.png,3
0_3866.png,0
2_3867.png,2
7_3868.png,7
0_3869.png,0
8_3870.png,8
9_3871.png,9
2_3872.png,2
9_3873.png,9
2_3874.png,2
3_3875.png,3
5_3876.png,5
3_3877.png,3
3_3878.png,3
9_3879.png,9
0_3880.png,0
8_3881.png,8
8_3882.png,8
6_3883.png,6
9_3884.png,9
7_3885.png,7
5_3886.png,5
2_3887.png,2
9_3888.png,9
1_3889.png,1
6_3890.png,6
4_3891.png,4
6_3892.png,6
5_3893.png,5
7_3894.png,7
1_3895.png,1
7_3896.png,7
3_3897.png,3
0_3898.png,0
3_3899.png,3
4_3900.png,4
0_3901.png,0
2_3902.png,2
2_3903.png,2
4_3904.png,4
1_3905.png,1
1_3906.png,1
1_3907.png,1
5_3908.png,5
0_3909.png,0
3_3910.png,3
6_3911.png,6
9_3912.png,9
3_3913.png,3
1_3914.png,1
6_3915.png,6
9_3916.png,9
4_3917.png,4
0_3918.png,0
1_3919.png,1
3_3920.png,3
1_3921.png,1
9_3922.png,9
2_3923.png,2
0_3924.png,0
8_3925.png,8
0_3926.png,0
0_3927.png,0
2_3928.png,2
0_3929.png,0
3_3930.png,3
0_3931.png,0
5_3932.png,5
5_3933.png,5
1_3934.png,1
4_3935.png,4
1_3936.png,1
6_3937.png,6
6_3938.png,6
1_3939.png,1
9_3940.png,9
4_3941.png,4
6_3942.png,6
0_3943.png,0
5_3944.png,5
0_3945.png,0
6_3946.png,6
3_3947.png,3
5_3948.png,5
1_3949.png,1
1_3950.png,1
7_3951.png,7
9_3952.png,9
5_3953.png,5
0_3954.png,0
8_3955.png,8
3_3956.png,3
9_3957.png,9
5_3958.png,5
3_3959.png,3
3_3960.png,3
6_3961.png,6
3_3962.png,3
7_3963.png,7
6_3964.png,6
5_3965.png,5
8_3966.png,8
2_3967.png,2
0_3968.png,0
7_3969.png,7
8_3970.png,8
7_3971.png,7
6_3972.png,6
3_3973.png,3
0_3974.png,0
7_3975.png,7
8_3976.png,8
5_3977.png,5
8_3978.png,8
6_3979.png,6
0_3980.png,0
8_3981.png,8
3_3982.png,3
5_3983.png,5
8_3984.png,8
1_3985.png,1
9_3986.png,9
6_3987.png,6
6_3988.png,6
4_3989.png,4
4_3990.png,4
1_3991.png,1
3_3992.png,3
5_3993.png,5
4_3994.png,4
4_3995.png,4
5_3996.png,5
6_3997.png,6
0_3998.png,0
7_3999.png,7
